Name,Email,Roll No
Aditya Kumar,aditya.kumar@student.com,001
Bhavna Singh,bhavna.singh@student.com,002
Chirag Patel,chirag.patel@student.com,003
Diana Sharma,diana.sharma@student.com,004
Eshan Desai,eshan.desai@student.com,005
Fatima Khan,fatima.khan@student.com,006
Gaurav Mishra,gaurav.mishra@student.com,007
Harsh Reddy,harsh.reddy@student.com,008
Isha Verma,isha.verma@student.com,009
Jatin Gupta,jatin.gupta@student.com,010
